star,period,gls,shape,shift,residual_gls,residual_shape,residual_shift
delCep,5.366267,5.36622989119782,5.36622989119782,5.366755940594076,-3.7108802179552924e-05,-3.7108802179552924e-05,0.0004889405940762259
RRLyr,0.5667770000000001,0.5667649929066454,0.5667649929066454,0.5667649929066454,-1.200709335469341e-05,-1.200709335469341e-05,-1.200709335469341e-05
SZCas,13.638960999999998,13.639505921450114,12.247342041369922,11.10963139956933,0.000544921450115865,-1.391618958630076,-2.5293296004306676
SZTau,3.148432,3.148739032447403,3.148739032447403,3.148739032447403,0.0003070324474028219,0.0003070324474028219,0.0003070324474028219
TUCas,2.139298,2.199876003871216,2.139377141269919,1.5170027513754631,0.06057800387121581,7.914126991881432e-05,-0.622295248624537
V1154Cyg,4.925416,4.924942239999992,4.924942239999992,1.6498158828510294,-0.0004737600000082054,-0.0004737600000082054,-3.275600117148971
zetGem,10.149531,10.147952701475043,10.150329271194359,0.9247456951929828,-0.0015782985249561676,0.0007982711943590459,-9.224785304807018
