star,period
ASASJ103158-5814.7,1.1192
alfUmi,3.972013
BGCru,3.342540
delCep,5.366267
QZNor,3.786811
RCru,5.825680
RRLyr,0.566777
SZCas,13.638961
SZTau,3.148432
TUCas,2.139298
V0391Nor,4.373319
V1048Cen,0.922405
V1154Cyg,4.925416
V1210Cen,4.317
zetGem,10.149531
